--
-- PostgreSQL database dump
--

-- Dumped from database version 12.17 (Ubuntu 12.17-1.pgdg22.04+1)
-- Dumped by pg_dump version 12.17 (Ubuntu 12.17-1.pgdg22.04+1)

SET statement_timeout = 0;
SET lock_timeout = 0;
SET idle_in_transaction_session_timeout = 0;
SET client_encoding = 'UTF8';
SET standard_conforming_strings = on;
SELECT pg_catalog.set_config('search_path', '', false);
SET check_function_bodies = false;
SET xmloption = content;
SET client_min_messages = warning;
SET row_security = off;

DROP DATABASE universe;
--
-- Name: universe; Type: DATABASE; Schema: -; Owner: freecodecamp
--

CREATE DATABASE universe WITH TEMPLATE = template0 ENCODING = 'UTF8' LC_COLLATE = 'C.UTF-8' LC_CTYPE = 'C.UTF-8';


ALTER DATABASE universe OWNER TO freecodecamp;

\connect universe

SET statement_timeout = 0;
SET lock_timeout = 0;
SET idle_in_transaction_session_timeout = 0;
SET client_encoding = 'UTF8';
SET standard_conforming_strings = on;
SELECT pg_catalog.set_config('search_path', '', false);
SET check_function_bodies = false;
SET xmloption = content;
SET client_min_messages = warning;
SET row_security = off;

SET default_tablespace = '';

SET default_table_access_method = heap;

--
-- Name: galaxy; Type: TABLE; Schema: public; Owner: freecodecamp
--

CREATE TABLE public.galaxy (
    galaxy_id integer NOT NULL,
    name character varying(255) NOT NULL,
    size integer NOT NULL,
    num_of_stars bigint,
    description text,
    has_life boolean NOT NULL
);


ALTER TABLE public.galaxy OWNER TO freecodecamp;

--
-- Name: galaxy_galaxy_id_seq; Type: SEQUENCE; Schema: public; Owner: freecodecamp
--

CREATE SEQUENCE public.galaxy_galaxy_id_seq
    AS integer
    START WITH 1
    INCREMENT BY 1
    NO MINVALUE
    NO MAXVALUE
    CACHE 1;


ALTER TABLE public.galaxy_galaxy_id_seq OWNER TO freecodecamp;

--
-- Name: galaxy_galaxy_id_seq; Type: SEQUENCE OWNED BY; Schema: public; Owner: freecodecamp
--

ALTER SEQUENCE public.galaxy_galaxy_id_seq OWNED BY public.galaxy.galaxy_id;


--
-- Name: moon; Type: TABLE; Schema: public; Owner: freecodecamp
--

CREATE TABLE public.moon (
    moon_id integer NOT NULL,
    name character varying(255) NOT NULL,
    planet_id integer,
    diameter numeric NOT NULL,
    is_habitable boolean NOT NULL
);


ALTER TABLE public.moon OWNER TO freecodecamp;

--
-- Name: moon_moon_id_seq; Type: SEQUENCE; Schema: public; Owner: freecodecamp
--

CREATE SEQUENCE public.moon_moon_id_seq
    AS integer
    START WITH 1
    INCREMENT BY 1
    NO MINVALUE
    NO MAXVALUE
    CACHE 1;


ALTER TABLE public.moon_moon_id_seq OWNER TO freecodecamp;

--
-- Name: moon_moon_id_seq; Type: SEQUENCE OWNED BY; Schema: public; Owner: freecodecamp
--

ALTER SEQUENCE public.moon_moon_id_seq OWNED BY public.moon.moon_id;


--
-- Name: nebula; Type: TABLE; Schema: public; Owner: freecodecamp
--

CREATE TABLE public.nebula (
    nebula_id integer NOT NULL,
    name character varying(255) NOT NULL,
    type character varying(255) NOT NULL,
    distance integer NOT NULL,
    visibility boolean NOT NULL
);


ALTER TABLE public.nebula OWNER TO freecodecamp;

--
-- Name: nebula_nebula_id_seq; Type: SEQUENCE; Schema: public; Owner: freecodecamp
--

CREATE SEQUENCE public.nebula_nebula_id_seq
    AS integer
    START WITH 1
    INCREMENT BY 1
    NO MINVALUE
    NO MAXVALUE
    CACHE 1;


ALTER TABLE public.nebula_nebula_id_seq OWNER TO freecodecamp;

--
-- Name: nebula_nebula_id_seq; Type: SEQUENCE OWNED BY; Schema: public; Owner: freecodecamp
--

ALTER SEQUENCE public.nebula_nebula_id_seq OWNED BY public.nebula.nebula_id;


--
-- Name: planet; Type: TABLE; Schema: public; Owner: freecodecamp
--

CREATE TABLE public.planet (
    planet_id integer NOT NULL,
    name character varying(255) NOT NULL,
    star_id integer,
    radius numeric NOT NULL,
    distance_from_star bigint NOT NULL,
    has_moons boolean NOT NULL
);


ALTER TABLE public.planet OWNER TO freecodecamp;

--
-- Name: planet_planet_id_seq; Type: SEQUENCE; Schema: public; Owner: freecodecamp
--

CREATE SEQUENCE public.planet_planet_id_seq
    AS integer
    START WITH 1
    INCREMENT BY 1
    NO MINVALUE
    NO MAXVALUE
    CACHE 1;


ALTER TABLE public.planet_planet_id_seq OWNER TO freecodecamp;

--
-- Name: planet_planet_id_seq; Type: SEQUENCE OWNED BY; Schema: public; Owner: freecodecamp
--

ALTER SEQUENCE public.planet_planet_id_seq OWNED BY public.planet.planet_id;


--
-- Name: star; Type: TABLE; Schema: public; Owner: freecodecamp
--

CREATE TABLE public.star (
    star_id integer NOT NULL,
    name character varying(255) NOT NULL,
    galaxy_id integer,
    mass numeric NOT NULL,
    luminosity integer NOT NULL,
    has_planets boolean NOT NULL
);


ALTER TABLE public.star OWNER TO freecodecamp;

--
-- Name: star_star_id_seq; Type: SEQUENCE; Schema: public; Owner: freecodecamp
--

CREATE SEQUENCE public.star_star_id_seq
    AS integer
    START WITH 1
    INCREMENT BY 1
    NO MINVALUE
    NO MAXVALUE
    CACHE 1;


ALTER TABLE public.star_star_id_seq OWNER TO freecodecamp;

--
-- Name: star_star_id_seq; Type: SEQUENCE OWNED BY; Schema: public; Owner: freecodecamp
--

ALTER SEQUENCE public.star_star_id_seq OWNED BY public.star.star_id;


--
-- Name: galaxy galaxy_id; Type: DEFAULT; Schema: public; Owner: freecodecamp
--

ALTER TABLE ONLY public.galaxy ALTER COLUMN galaxy_id SET DEFAULT nextval('public.galaxy_galaxy_id_seq'::regclass);


--
-- Name: moon moon_id; Type: DEFAULT; Schema: public; Owner: freecodecamp
--

ALTER TABLE ONLY public.moon ALTER COLUMN moon_id SET DEFAULT nextval('public.moon_moon_id_seq'::regclass);


--
-- Name: nebula nebula_id; Type: DEFAULT; Schema: public; Owner: freecodecamp
--

ALTER TABLE ONLY public.nebula ALTER COLUMN nebula_id SET DEFAULT nextval('public.nebula_nebula_id_seq'::regclass);


--
-- Name: planet planet_id; Type: DEFAULT; Schema: public; Owner: freecodecamp
--

ALTER TABLE ONLY public.planet ALTER COLUMN planet_id SET DEFAULT nextval('public.planet_planet_id_seq'::regclass);


--
-- Name: star star_id; Type: DEFAULT; Schema: public; Owner: freecodecamp
--

ALTER TABLE ONLY public.star ALTER COLUMN star_id SET DEFAULT nextval('public.star_star_id_seq'::regclass);


--
-- Data for Name: galaxy; Type: TABLE DATA; Schema: public; Owner: freecodecamp
--

INSERT INTO public.galaxy VALUES (1, 'Milky Way', 100000, 250000000000, 'Spiral galaxy', true);
INSERT INTO public.galaxy VALUES (2, 'Andromeda', 220000, 1000000000000, 'Nearest major galaxy', false);
INSERT INTO public.galaxy VALUES (3, 'Triangulum', 60000, 40000000, 'Spiral galaxy', false);
INSERT INTO public.galaxy VALUES (5, 'Large Magellanic Cloud', 14000, 30000000, 'Dwarf galaxy', false);
INSERT INTO public.galaxy VALUES (6, 'Small Magellanic Cloud', 7000, 3000000, 'Dwarf galaxy', false);
INSERT INTO public.galaxy VALUES (7, 'Whirlpool', 76000, 100000000000, 'Spiral galaxy', false);


--
-- Data for Name: moon; Type: TABLE DATA; Schema: public; Owner: freecodecamp
--

INSERT INTO public.moon VALUES (4, 'Moon', 1, 3474.8, false);
INSERT INTO public.moon VALUES (5, 'Phobos', 2, 22.4, false);
INSERT INTO public.moon VALUES (6, 'Deimos', 2, 12.4, false);
INSERT INTO public.moon VALUES (7, 'Europa', 3, 3121.6, false);
INSERT INTO public.moon VALUES (8, 'Ganymede', 3, 5262.4, false);
INSERT INTO public.moon VALUES (9, 'Io', 3, 3642, false);
INSERT INTO public.moon VALUES (10, 'Callisto', 3, 4821, false);
INSERT INTO public.moon VALUES (11, 'Titan', 4, 5149.5, false);
INSERT INTO public.moon VALUES (12, 'Rhea', 4, 1528, false);
INSERT INTO public.moon VALUES (13, 'Iapetus', 4, 1469, false);
INSERT INTO public.moon VALUES (14, 'Dione', 4, 1123, false);
INSERT INTO public.moon VALUES (15, 'Tethys', 4, 1066, false);
INSERT INTO public.moon VALUES (16, 'Enceladus', 4, 504.2, false);
INSERT INTO public.moon VALUES (17, 'Mimas', 4, 396.4, false);
INSERT INTO public.moon VALUES (18, 'Hyperion', 4, 266, false);
INSERT INTO public.moon VALUES (19, 'Phoebe', 4, 213, false);
INSERT INTO public.moon VALUES (20, 'Pandora', 4, 84, false);
INSERT INTO public.moon VALUES (21, 'Proxima b I', 5, 700, false);
INSERT INTO public.moon VALUES (22, 'Proxima b II', 5, 720, false);
INSERT INTO public.moon VALUES (23, 'Proxima c I', 11, 1000, false);


--
-- Data for Name: nebula; Type: TABLE DATA; Schema: public; Owner: freecodecamp
--

INSERT INTO public.nebula VALUES (1, 'Orion Nebula', 'Diffuse', 1344, true);
INSERT INTO public.nebula VALUES (2, 'Eagle Nebula', 'Diffuse', 7000, true);
INSERT INTO public.nebula VALUES (3, 'Ring Nebula', 'Planetary', 2300, true);


--
-- Data for Name: planet; Type: TABLE DATA; Schema: public; Owner: freecodecamp
--

INSERT INTO public.planet VALUES (1, 'Earth', 1, 6371, 149600000, true);
INSERT INTO public.planet VALUES (2, 'Mars', 1, 3389.5, 227900000, true);
INSERT INTO public.planet VALUES (3, 'Jupiter', 1, 69911, 778500000, true);
INSERT INTO public.planet VALUES (4, 'Saturn', 1, 58232, 1429400000, true);
INSERT INTO public.planet VALUES (5, 'Proxima b', 2, 7160, 7480000, false);
INSERT INTO public.planet VALUES (6, 'Betelgeuse b', 3, 54000, 100000000, false);
INSERT INTO public.planet VALUES (7, 'Sirius b', 4, 12000, 1000000000, false);
INSERT INTO public.planet VALUES (8, 'Alpha Centauri Bb', 5, 6571, 41000000, false);
INSERT INTO public.planet VALUES (9, 'Vega b', 6, 7180, 60000000, false);
INSERT INTO public.planet VALUES (10, 'Vega c', 6, 14500, 85000000, false);
INSERT INTO public.planet VALUES (11, 'Proxima c', 2, 12000, 2200000000, false);
INSERT INTO public.planet VALUES (12, 'Jupiter II', 1, 69911, 778500000, true);


--
-- Data for Name: star; Type: TABLE DATA; Schema: public; Owner: freecodecamp
--

INSERT INTO public.star VALUES (1, 'Sun', 1, 1989000000000000000000000000000, 1, true);
INSERT INTO public.star VALUES (2, 'Proxima Centauri', 2, 244600000000000000000000000000, 0, true);
INSERT INTO public.star VALUES (3, 'Betelgeuse', 1, 27800000000000000000000000000000, 126000, false);
INSERT INTO public.star VALUES (4, 'Sirius', 1, 3980000000000000000000000000000, 25, true);
INSERT INTO public.star VALUES (5, 'Alpha Centauri', 2, 2187000000000000000000000000000, 2, true);
INSERT INTO public.star VALUES (6, 'Vega', 1, 4100000000000000000000000000000, 40, false);


--
-- Name: galaxy_galaxy_id_seq; Type: SEQUENCE SET; Schema: public; Owner: freecodecamp
--

SELECT pg_catalog.setval('public.galaxy_galaxy_id_seq', 3, true);


--
-- Name: moon_moon_id_seq; Type: SEQUENCE SET; Schema: public; Owner: freecodecamp
--

SELECT pg_catalog.setval('public.moon_moon_id_seq', 3, true);


--
-- Name: nebula_nebula_id_seq; Type: SEQUENCE SET; Schema: public; Owner: freecodecamp
--

SELECT pg_catalog.setval('public.nebula_nebula_id_seq', 3, true);


--
-- Name: planet_planet_id_seq; Type: SEQUENCE SET; Schema: public; Owner: freecodecamp
--

SELECT pg_catalog.setval('public.planet_planet_id_seq', 3, true);


--
-- Name: star_star_id_seq; Type: SEQUENCE SET; Schema: public; Owner: freecodecamp
--

SELECT pg_catalog.setval('public.star_star_id_seq', 3, true);


--
-- Name: galaxy galaxy_name_key; Type: CONSTRAINT; Schema: public; Owner: freecodecamp
--

ALTER TABLE ONLY public.galaxy
    ADD CONSTRAINT galaxy_name_key UNIQUE (name);


--
-- Name: galaxy galaxy_pkey; Type: CONSTRAINT; Schema: public; Owner: freecodecamp
--

ALTER TABLE ONLY public.galaxy
    ADD CONSTRAINT galaxy_pkey PRIMARY KEY (galaxy_id);


--
-- Name: moon moon_name_key; Type: CONSTRAINT; Schema: public; Owner: freecodecamp
--

ALTER TABLE ONLY public.moon
    ADD CONSTRAINT moon_name_key UNIQUE (name);


--
-- Name: moon moon_pkey; Type: CONSTRAINT; Schema: public; Owner: freecodecamp
--

ALTER TABLE ONLY public.moon
    ADD CONSTRAINT moon_pkey PRIMARY KEY (moon_id);


--
-- Name: nebula nebula_name_key; Type: CONSTRAINT; Schema: public; Owner: freecodecamp
--

ALTER TABLE ONLY public.nebula
    ADD CONSTRAINT nebula_name_key UNIQUE (name);


--
-- Name: nebula nebula_pkey; Type: CONSTRAINT; Schema: public; Owner: freecodecamp
--

ALTER TABLE ONLY public.nebula
    ADD CONSTRAINT nebula_pkey PRIMARY KEY (nebula_id);


--
-- Name: planet planet_name_key; Type: CONSTRAINT; Schema: public; Owner: freecodecamp
--

ALTER TABLE ONLY public.planet
    ADD CONSTRAINT planet_name_key UNIQUE (name);


--
-- Name: planet planet_pkey; Type: CONSTRAINT; Schema: public; Owner: freecodecamp
--

ALTER TABLE ONLY public.planet
    ADD CONSTRAINT planet_pkey PRIMARY KEY (planet_id);


--
-- Name: star star_name_key; Type: CONSTRAINT; Schema: public; Owner: freecodecamp
--

ALTER TABLE ONLY public.star
    ADD CONSTRAINT star_name_key UNIQUE (name);


--
-- Name: star star_pkey; Type: CONSTRAINT; Schema: public; Owner: freecodecamp
--

ALTER TABLE ONLY public.star
    ADD CONSTRAINT star_pkey PRIMARY KEY (star_id);


--
-- Name: moon moon_planet_id_fkey; Type: FK CONSTRAINT; Schema: public; Owner: freecodecamp
--

ALTER TABLE ONLY public.moon
    ADD CONSTRAINT moon_planet_id_fkey FOREIGN KEY (planet_id) REFERENCES public.planet(planet_id) ON DELETE CASCADE;


--
-- Name: planet planet_star_id_fkey; Type: FK CONSTRAINT; Schema: public; Owner: freecodecamp
--

ALTER TABLE ONLY public.planet
    ADD CONSTRAINT planet_star_id_fkey FOREIGN KEY (star_id) REFERENCES public.star(star_id);


--
-- Name: star star_galaxy_id_fkey; Type: FK CONSTRAINT; Schema: public; Owner: freecodecamp
--

ALTER TABLE ONLY public.star
    ADD CONSTRAINT star_galaxy_id_fkey FOREIGN KEY (galaxy_id) REFERENCES public.galaxy(galaxy_id);


--
-- PostgreSQL database dump complete
--

